Frequency_Hz,Magnitude_V,Magnitude_dB,Relative_Gain_dB,Phase_deg
1.000000e+01,1.209488e-01,-1.834797e+01,-1.056534e-05,1.799608e+02
1.023293e+01,1.209488e-01,-1.834797e+01,-1.054126e-05,1.799599e+02
1.047129e+01,1.209488e-01,-1.834797e+01,-1.058447e-05,1.799589e+02
1.071519e+01,1.209488e-01,-1.834797e+01,-1.055114e-05,1.799580e+02
1.096478e+01,1.209488e-01,-1.834797e+01,-1.058466e-05,1.799570e+02
1.122018e+01,1.209488e-01,-1.834797e+01,-1.054118e-05,1.799560e+02
1.148154e+01,1.209488e-01,-1.834797e+01,-1.056408e-05,1.799550e+02
1.174898e+01,1.209488e-01,-1.834797e+01,-1.050948e-05,1.799539e+02
1.202264e+01,1.209488e-01,-1.834797e+01,-1.052073e-05,1.799528e+02
1.230269e+01,1.209488e-01,-1.834797e+01,-1.052575e-05,1.799518e+02
1.258925e+01,1.209488e-01,-1.834797e+01,-1.052423e-05,1.799506e+02
1.288250e+01,1.209488e-01,-1.834797e+01,-1.051587e-05,1.799495e+02
1.318257e+01,1.209488e-01,-1.834797e+01,-1.050035e-05,1.799483e+02
1.348963e+01,1.209488e-01,-1.834797e+01,-1.047733e-05,1.799471e+02
1.380384e+01,1.209488e-01,-1.834797e+01,-1.044646e-05,1.799459e+02
1.412538e+01,1.209488e-01,-1.834797e+01,-1.047917e-05,1.799446e+02
1.445440e+01,1.209488e-01,-1.834797e+01,-1.043146e-05,1.799433e+02
1.479108e+01,1.209488e-01,-1.834797e+01,-1.044655e-05,1.799420e+02
1.513561e+01,1.209488e-01,-1.834797e+01,-1.045219e-05,1.799406e+02
1.548817e+01,1.209488e-01,-1.834797e+01,-1.044794e-05,1.799393e+02
1.584893e+01,1.209488e-01,-1.834797e+01,-1.043335e-05,1.799378e+02
1.621810e+01,1.209488e-01,-1.834797e+01,-1.040791e-05,1.799364e+02
1.659587e+01,1.209488e-01,-1.834797e+01,-1.037112e-05,1.799349e+02
1.698244e+01,1.209488e-01,-1.834797e+01,-1.039425e-05,1.799334e+02
1.737801e+01,1.209488e-01,-1.834797e+01,-1.033312e-05,1.799318e+02
1.778279e+01,1.209488e-01,-1.834797e+01,-1.033078e-05,1.799303e+02
1.819701e+01,1.209488e-01,-1.834797e+01,-1.031478e-05,1.799286e+02
1.862087e+01,1.209488e-01,-1.834797e+01,-1.028449e-05,1.799270e+02
1.905461e+01,1.209488e-01,-1.834797e+01,-1.031105e-05,1.799253e+02
1.949845e+01,1.209488e-01,-1.834797e+01,-1.025013e-05,1.799235e+02
1.995262e+01,1.209488e-01,-1.834797e+01,-1.024461e-05,1.799217e+02
2.041738e+01,1.209488e-01,-1.834797e+01,-1.022191e-05,1.799199e+02
2.089296e+01,1.209488e-01,-1.834797e+01,-1.018121e-05,1.799181e+02
2.137962e+01,1.209488e-01,-1.834797e+01,-1.019349e-05,1.799162e+02
2.187762e+01,1.209488e-01,-1.834797e+01,-1.018605e-05,1.799142e+02
2.238721e+01,1.209488e-01,-1.834797e+01,-1.015794e-05,1.799122e+02
2.290868e+01,1.209488e-01,-1.834797e+01,-1.010820e-05,1.799102e+02
2.344229e+01,1.209488e-01,-1.834797e+01,-1.010763e-05,1.799081e+02
2.398833e+01,1.209488e-01,-1.834797e+01,-1.008333e-05,1.799059e+02
2.454709e+01,1.209488e-01,-1.834797e+01,-1.003420e-05,1.799037e+02
2.511886e+01,1.209488e-01,-1.834797e+01,-1.003088e-05,1.799015e+02
2.570396e+01,1.209488e-01,-1.834797e+01,-1.000032e-05,1.798992e+02
2.630268e+01,1.209488e-01,-1.834797e+01,-9.941251e-06,1.798968e+02
2.691535e+01,1.209488e-01,-1.834797e+01,-9.924134e-06,1.798944e+02
2.754229e+01,1.209488e-01,-1.834797e+01,-9.875749e-06,1.798920e+02
2.818383e+01,1.209488e-01,-1.834797e+01,-9.866438e-06,1.798895e+02
2.884032e+01,1.209488e-01,-1.834797e+01,-9.822842e-06,1.798869e+02
2.951209e+01,1.209488e-01,-1.834797e+01,-9.743347e-06,1.798843e+02
3.019952e+01,1.209488e-01,-1.834797e+01,-9.698074e-06,1.798816e+02
3.090295e+01,1.209488e-01,-1.834797e+01,-9.685253e-06,1.798788e+02
3.162278e+01,1.209488e-01,-1.834797e+01,-9.631213e-06,1.798760e+02
3.235937e+01,1.209488e-01,-1.834797e+01,-9.534012e-06,1.798731e+02
3.311311e+01,1.209488e-01,-1.834797e+01,-9.535245e-06,1.798701e+02
3.388442e+01,1.209488e-01,-1.834797e+01,-9.489153e-06,1.798671e+02
3.467368e+01,1.209488e-01,-1.834797e+01,-9.393504e-06,1.798640e+02
3.548134e+01,1.209488e-01,-1.834797e+01,-9.317780e-06,1.798608e+02
3.630781e+01,1.209488e-01,-1.834797e+01,-9.259533e-06,1.798576e+02
3.715352e+01,1.209488e-01,-1.834797e+01,-9.216203e-06,1.798543e+02
3.801894e+01,1.209488e-01,-1.834797e+01,-9.113294e-06,1.798509e+02
3.890451e+01,1.209488e-01,-1.834797e+01,-9.091627e-06,1.798474e+02
3.981072e+01,1.209488e-01,-1.834797e+01,-9.004633e-06,1.798439e+02
4.073803e+01,1.209488e-01,-1.834797e+01,-8.921047e-06,1.798402e+02
4.168694e+01,1.209488e-01,-1.834797e+01,-8.837646e-06,1.798365e+02
4.265795e+01,1.209488e-01,-1.834797e+01,-8.751054e-06,1.798327e+02
4.365158e+01,1.209488e-01,-1.834797e+01,-8.657735e-06,1.798288e+02
4.466836e+01,1.209488e-01,-1.834797e+01,-8.553989e-06,1.798248e+02
4.570882e+01,1.209488e-01,-1.834797e+01,-8.435939e-06,1.798207e+02
4.677351e+01,1.209488e-01,-1.834797e+01,-8.371341e-06,1.798166e+02
4.786301e+01,1.209488e-01,-1.834797e+01,-8.212317e-06,1.798123e+02
4.897788e+01,1.209488e-01,-1.834797e+01,-8.098044e-06,1.798079e+02
5.011872e+01,1.209488e-01,-1.834797e+01,-8.023863e-06,1.798034e+02
5.128614e+01,1.209488e-01,-1.834797e+01,-7.841265e-06,1.797989e+02
5.248075e+01,1.209488e-01,-1.834797e+01,-7.760584e-06,1.797942e+02
5.370318e+01,1.209488e-01,-1.834797e+01,-7.561027e-06,1.797894e+02
5.495409e+01,1.209488e-01,-1.834797e+01,-7.452434e-06,1.797845e+02
5.623413e+01,1.209488e-01,-1.834797e+01,-7.285309e-06,1.797795e+02
5.754399e+01,1.209488e-01,-1.834797e+01,-7.125324e-06,1.797743e+02
5.888437e+01,1.209488e-01,-1.834797e+01,-6.966046e-06,1.797691e+02
6.025596e+01,1.209488e-01,-1.834797e+01,-6.800740e-06,1.797637e+02
6.165950e+01,1.209488e-01,-1.834797e+01,-6.622351e-06,1.797582e+02
6.309573e+01,1.209488e-01,-1.834797e+01,-6.423495e-06,1.797525e+02
6.456542e+01,1.209488e-01,-1.834797e+01,-6.196438e-06,1.797468e+02
6.606934e+01,1.209488e-01,-1.834797e+01,-6.004895e-06,1.797409e+02
6.760830e+01,1.209488e-01,-1.834797e+01,-5.768572e-06,1.797348e+02
6.918310e+01,1.209488e-01,-1.834797e+01,-5.550405e-06,1.797287e+02
7.079458e+01,1.209489e-01,-1.834797e+01,-5.341094e-06,1.797224e+02
7.244360e+01,1.209489e-01,-1.834796e+01,-5.059089e-06,1.797159e+02
7.413102e+01,1.209489e-01,-1.834796e+01,-4.766010e-06,1.797093e+02
7.585776e+01,1.209489e-01,-1.834796e+01,-4.522993e-06,1.797025e+02
7.762471e+01,1.209489e-01,-1.834796e+01,-4.247047e-06,1.796956e+02
7.943282e+01,1.209489e-01,-1.834796e+01,-3.926466e-06,1.796885e+02
8.128305e+01,1.209489e-01,-1.834796e+01,-3.620806e-06,1.796812e+02
8.317638e+01,1.209489e-01,-1.834796e+01,-3.245418e-06,1.796738e+02
8.511380e+01,1.209489e-01,-1.834796e+01,-2.930489e-06,1.796662e+02
8.709636e+01,1.209489e-01,-1.834796e+01,-2.590132e-06,1.796584e+02
8.912509e+01,1.209489e-01,-1.834796e+01,-2.209610e-06,1.796505e+02
9.120108e+01,1.209489e-01,-1.834796e+01,-1.773492e-06,1.796423e+02
9.332543e+01,1.209489e-01,-1.834796e+01,-1.337433e-06,1.796340e+02
9.549926e+01,1.209489e-01,-1.834796e+01,-9.563240e-07,1.796255e+02
9.772372e+01,1.209489e-01,-1.834796e+01,-4.688220e-07,1.796167e+02
1.000000e+02,1.209489e-01,-1.834796e+01,0.000000e+00,1.796078e+02
1.023293e+02,1.209489e-01,-1.834796e+01,5.413820e-07,1.795987e+02
1.047129e+02,1.209489e-01,-1.834796e+01,1.032042e-06,1.795893e+02
1.071519e+02,1.209489e-01,-1.834796e+01,1.636907e-06,1.795798e+02
1.096478e+02,1.209490e-01,-1.834796e+01,2.162846e-06,1.795700e+02
1.122018e+02,1.209490e-01,-1.834796e+01,2.776840e-06,1.795600e+02
1.148154e+02,1.209490e-01,-1.834796e+01,3.431536e-06,1.795497e+02
1.174898e+02,1.209490e-01,-1.834796e+01,4.080732e-06,1.795392e+02
1.202264e+02,1.209490e-01,-1.834796e+01,4.751245e-06,1.795285e+02
1.230269e+02,1.209490e-01,-1.834795e+01,5.542970e-06,1.795175e+02
1.258925e+02,1.209490e-01,-1.834795e+01,6.269885e-06,1.795063e+02
1.288250e+02,1.209490e-01,-1.834795e+01,7.106392e-06,1.794948e+02
1.318257e+02,1.209490e-01,-1.834795e+01,7.941116e-06,1.794830e+02
1.348963e+02,1.209490e-01,-1.834795e+01,8.807824e-06,1.794709e+02
1.380384e+02,1.209491e-01,-1.834795e+01,9.741870e-06,1.794586e+02
1.412538e+02,1.209491e-01,-1.834795e+01,1.063665e-05,1.794460e+02
1.445440e+02,1.209491e-01,-1.834795e+01,1.167455e-05,1.794331e+02
1.479108e+02,1.209491e-01,-1.834795e+01,1.275256e-05,1.794199e+02
1.513561e+02,1.209491e-01,-1.834795e+01,1.384135e-05,1.794064e+02
1.548817e+02,1.209491e-01,-1.834794e+01,1.498544e-05,1.793926e+02
1.584893e+02,1.209491e-01,-1.834794e+01,1.615964e-05,1.793784e+02
1.621810e+02,1.209492e-01,-1.834794e+01,1.748455e-05,1.793639e+02
1.659587e+02,1.209492e-01,-1.834794e+01,1.879586e-05,1.793491e+02
1.698244e+02,1.209492e-01,-1.834794e+01,2.014708e-05,1.793340e+02
1.737801e+02,1.209492e-01,-1.834794e+01,2.159425e-05,1.793184e+02
1.778279e+02,1.209492e-01,-1.834794e+01,2.312424e-05,1.793026e+02
1.819701e+02,1.209493e-01,-1.834794e+01,2.472669e-05,1.792863e+02
1.862087e+02,1.209493e-01,-1.834793e+01,2.639414e-05,1.792697e+02
1.905461e+02,1.209493e-01,-1.834793e+01,2.812214e-05,1.792527e+02
1.949845e+02,1.209493e-01,-1.834793e+01,2.998126e-05,1.792353e+02
1.995262e+02,1.209494e-01,-1.834793e+01,3.190177e-05,1.792175e+02
2.041738e+02,1.209494e-01,-1.834793e+01,3.388921e-05,1.791992e+02
2.089296e+02,1.209494e-01,-1.834792e+01,3.602460e-05,1.791806e+02
2.137962e+02,1.209495e-01,-1.834792e+01,3.817734e-05,1.791615e+02
2.187762e+02,1.209495e-01,-1.834792e+01,4.050808e-05,1.791420e+02
2.238721e+02,1.209495e-01,-1.834792e+01,4.289440e-05,1.791220e+02
2.290868e+02,1.209496e-01,-1.834791e+01,4.543372e-05,1.791015e+02
2.344229e+02,1.209496e-01,-1.834791e+01,4.808443e-05,1.790806e+02
2.398833e+02,1.209496e-01,-1.834791e+01,5.080971e-05,1.790592e+02
2.454709e+02,1.209497e-01,-1.834791e+01,5.372140e-05,1.790372e+02
2.511886e+02,1.209497e-01,-1.834790e+01,5.679302e-05,1.790148e+02
2.570396e+02,1.209498e-01,-1.834790e+01,5.993179e-05,1.789919e+02
2.630268e+02,1.209498e-01,-1.834790e+01,6.326615e-05,1.789684e+02
2.691535e+02,1.209499e-01,-1.834789e+01,6.671514e-05,1.789444e+02
2.754229e+02,1.209499e-01,-1.834789e+01,7.041960e-05,1.789198e+02
2.818383e+02,1.209500e-01,-1.834789e+01,7.416798e-05,1.788946e+02
2.884031e+02,1.209500e-01,-1.834788e+01,7.818650e-05,1.788688e+02
2.951209e+02,1.209501e-01,-1.834788e+01,8.234965e-05,1.788425e+02
3.019952e+02,1.209501e-01,-1.834787e+01,8.675494e-05,1.788155e+02
3.090295e+02,1.209502e-01,-1.834787e+01,9.136434e-05,1.787879e+02
3.162278e+02,1.209503e-01,-1.834786e+01,9.614809e-05,1.787597e+02
3.235937e+02,1.209503e-01,-1.834786e+01,1.011570e-04,1.787308e+02
3.311311e+02,1.209504e-01,-1.834785e+01,1.063794e-04,1.787012e+02
3.388442e+02,1.209505e-01,-1.834785e+01,1.118848e-04,1.786710e+02
3.467369e+02,1.209506e-01,-1.834784e+01,1.176811e-04,1.786400e+02
3.548134e+02,1.209506e-01,-1.834784e+01,1.237150e-04,1.786083e+02
3.630781e+02,1.209507e-01,-1.834783e+01,1.300159e-04,1.785759e+02
3.715352e+02,1.209508e-01,-1.834782e+01,1.366249e-04,1.785427e+02
3.801894e+02,1.209509e-01,-1.834782e+01,1.435232e-04,1.785088e+02
3.890451e+02,1.209510e-01,-1.834781e+01,1.507766e-04,1.784740e+02
3.981072e+02,1.209511e-01,-1.834780e+01,1.583925e-04,1.784385e+02
4.073803e+02,1.209512e-01,-1.834779e+01,1.663202e-04,1.784021e+02
4.168694e+02,1.209514e-01,-1.834779e+01,1.745954e-04,1.783649e+02
4.265795e+02,1.209515e-01,-1.834778e+01,1.833410e-04,1.783268e+02
4.365158e+02,1.209516e-01,-1.834777e+01,1.924084e-04,1.782878e+02
4.466836e+02,1.209517e-01,-1.834776e+01,2.019532e-04,1.782479e+02
4.570882e+02,1.209519e-01,-1.834775e+01,2.119330e-04,1.782070e+02
4.677351e+02,1.209520e-01,-1.834774e+01,2.223238e-04,1.781653e+02
4.786301e+02,1.209522e-01,-1.834773e+01,2.332642e-04,1.781225e+02
4.897788e+02,1.209523e-01,-1.834772e+01,2.446979e-04,1.780788e+02
5.011872e+02,1.209525e-01,-1.834770e+01,2.566611e-04,1.780340e+02
5.128614e+02,1.209527e-01,-1.834769e+01,2.692124e-04,1.779882e+02
5.248075e+02,1.209529e-01,-1.834768e+01,2.822897e-04,1.779413e+02
5.370318e+02,1.209530e-01,-1.834766e+01,2.959990e-04,1.778933e+02
5.495409e+02,1.209532e-01,-1.834765e+01,3.103276e-04,1.778442e+02
5.623413e+02,1.209535e-01,-1.834763e+01,3.253617e-04,1.777940e+02
5.754399e+02,1.209537e-01,-1.834762e+01,3.410713e-04,1.777426e+02
5.888437e+02,1.209539e-01,-1.834760e+01,3.575278e-04,1.776899e+02
6.025596e+02,1.209541e-01,-1.834759e+01,3.747609e-04,1.776361e+02
6.165950e+02,1.209544e-01,-1.834757e+01,3.927607e-04,1.775810e+02
6.309573e+02,1.209547e-01,-1.834755e+01,4.115511e-04,1.775246e+02
6.456542e+02,1.209549e-01,-1.834753e+01,4.312623e-04,1.774669e+02
6.606934e+02,1.209552e-01,-1.834751e+01,4.519182e-04,1.774079e+02
6.760830e+02,1.209555e-01,-1.834749e+01,4.734373e-04,1.773474e+02
6.918310e+02,1.209558e-01,-1.834746e+01,4.959941e-04,1.772856e+02
7.079458e+02,1.209562e-01,-1.834744e+01,5.195899e-04,1.772223e+02
7.244360e+02,1.209565e-01,-1.834742e+01,5.442702e-04,1.771576e+02
7.413102e+02,1.209569e-01,-1.834739e+01,5.701271e-04,1.770913e+02
7.585776e+02,1.209572e-01,-1.834736e+01,5.970857e-04,1.770235e+02
7.762471e+02,1.209576e-01,-1.834733e+01,6.253377e-04,1.769541e+02
7.943282e+02,1.209580e-01,-1.834730e+01,6.549125e-04,1.768830e+02
8.128305e+02,1.209585e-01,-1.834727e+01,6.857521e-04,1.768104e+02
8.317638e+02,1.209589e-01,-1.834724e+01,7.180723e-04,1.767360e+02
8.511380e+02,1.209594e-01,-1.834721e+01,7.517916e-04,1.766599e+02
8.709636e+02,1.209599e-01,-1.834717e+01,7.871077e-04,1.765819e+02
8.912509e+02,1.209604e-01,-1.834714e+01,8.239991e-04,1.765022e+02
9.120108e+02,1.209609e-01,-1.834710e+01,8.625147e-04,1.764206e+02
9.332543e+02,1.209615e-01,-1.834706e+01,9.028491e-04,1.763371e+02
9.549926e+02,1.209621e-01,-1.834701e+01,9.449159e-04,1.762517e+02
9.772372e+02,1.209627e-01,-1.834697e+01,9.889251e-04,1.761642e+02
1.000000e+03,1.209633e-01,-1.834692e+01,1.034956e-03,1.760747e+02
1.023293e+03,1.209640e-01,-1.834688e+01,1.082964e-03,1.759831e+02
1.047129e+03,1.209647e-01,-1.834683e+01,1.133211e-03,1.758894e+02
1.071519e+03,1.209654e-01,-1.834677e+01,1.185628e-03,1.757935e+02
1.096478e+03,1.209662e-01,-1.834672e+01,1.240390e-03,1.756953e+02
1.122018e+03,1.209670e-01,-1.834666e+01,1.297569e-03,1.755948e+02
1.148154e+03,1.209678e-01,-1.834660e+01,1.357274e-03,1.754919e+02
1.174898e+03,1.209687e-01,-1.834654e+01,1.419590e-03,1.753867e+02
1.202264e+03,1.209696e-01,-1.834648e+01,1.484657e-03,1.752790e+02
1.230269e+03,1.209705e-01,-1.834641e+01,1.552527e-03,1.751687e+02
1.258925e+03,1.209715e-01,-1.834634e+01,1.623389e-03,1.750559e+02
1.288250e+03,1.209726e-01,-1.834626e+01,1.697290e-03,1.749404e+02
1.318257e+03,1.209736e-01,-1.834619e+01,1.774426e-03,1.748222e+02
1.348963e+03,1.209748e-01,-1.834610e+01,1.854792e-03,1.747012e+02
1.380384e+03,1.209759e-01,-1.834602e+01,1.938621e-03,1.745774e+02
1.412538e+03,1.209771e-01,-1.834593e+01,2.026029e-03,1.744506e+02
1.445440e+03,1.209784e-01,-1.834584e+01,2.117103e-03,1.743209e+02
1.479108e+03,1.209797e-01,-1.834575e+01,2.212046e-03,1.741881e+02
1.513561e+03,1.209811e-01,-1.834565e+01,2.310904e-03,1.740522e+02
1.548817e+03,1.209825e-01,-1.834555e+01,2.413790e-03,1.739131e+02
1.584893e+03,1.209840e-01,-1.834544e+01,2.520963e-03,1.737707e+02
1.621810e+03,1.209856e-01,-1.834533e+01,2.632556e-03,1.736250e+02
1.659587e+03,1.209872e-01,-1.834521e+01,2.748587e-03,1.734758e+02
1.698244e+03,1.209889e-01,-1.834509e+01,2.869257e-03,1.733230e+02
1.737801e+03,1.209906e-01,-1.834497e+01,2.994746e-03,1.731667e+02
1.778279e+03,1.209924e-01,-1.834483e+01,3.125155e-03,1.730067e+02
1.819701e+03,1.209943e-01,-1.834470e+01,3.260598e-03,1.728429e+02
1.862087e+03,1.209963e-01,-1.834456e+01,3.401205e-03,1.726752e+02
1.905461e+03,1.209983e-01,-1.834441e+01,3.547222e-03,1.725035e+02
1.949845e+03,1.210004e-01,-1.834426e+01,3.698585e-03,1.723278e+02
1.995262e+03,1.210026e-01,-1.834410e+01,3.855593e-03,1.721478e+02
2.041738e+03,1.210049e-01,-1.834394e+01,4.018274e-03,1.719636e+02
2.089296e+03,1.210072e-01,-1.834377e+01,4.186695e-03,1.717751e+02
2.137962e+03,1.210097e-01,-1.834360e+01,4.360976e-03,1.715820e+02
2.187762e+03,1.210122e-01,-1.834342e+01,4.541248e-03,1.713843e+02
2.238721e+03,1.210148e-01,-1.834323e+01,4.727525e-03,1.711819e+02
2.290868e+03,1.210175e-01,-1.834304e+01,4.919802e-03,1.709747e+02
2.344229e+03,1.210202e-01,-1.834284e+01,5.118225e-03,1.707625e+02
2.398833e+03,1.210231e-01,-1.834264e+01,5.322610e-03,1.705453e+02
2.454709e+03,1.210260e-01,-1.834243e+01,5.533119e-03,1.703228e+02
2.511886e+03,1.210290e-01,-1.834221e+01,5.749573e-03,1.700950e+02
2.570396e+03,1.210321e-01,-1.834199e+01,5.971840e-03,1.698617e+02
2.630268e+03,1.210353e-01,-1.834176e+01,6.199934e-03,1.696228e+02
2.691535e+03,1.210385e-01,-1.834153e+01,6.433488e-03,1.693781e+02
2.754229e+03,1.210419e-01,-1.834129e+01,6.672350e-03,1.691275e+02
2.818383e+03,1.210453e-01,-1.834104e+01,6.916265e-03,1.688709e+02
2.884032e+03,1.210487e-01,-1.834080e+01,7.164780e-03,1.686081e+02
2.951209e+03,1.210523e-01,-1.834054e+01,7.417420e-03,1.683388e+02
3.019952e+03,1.210558e-01,-1.834029e+01,7.673737e-03,1.680631e+02
3.090295e+03,1.210594e-01,-1.834003e+01,7.933069e-03,1.677806e+02
3.162278e+03,1.210631e-01,-1.833977e+01,8.194726e-03,1.674912e+02
3.235937e+03,1.210668e-01,-1.833950e+01,8.457770e-03,1.671948e+02
3.311311e+03,1.210704e-01,-1.833924e+01,8.721341e-03,1.668910e+02
3.388442e+03,1.210741e-01,-1.833898e+01,8.984155e-03,1.665799e+02
3.467369e+03,1.210777e-01,-1.833871e+01,9.244979e-03,1.662610e+02
3.548134e+03,1.210813e-01,-1.833846e+01,9.502352e-03,1.659344e+02
3.630781e+03,1.210848e-01,-1.833821e+01,9.754638e-03,1.655996e+02
3.715352e+03,1.210882e-01,-1.833796e+01,9.999757e-03,1.652565e+02
3.801894e+03,1.210915e-01,-1.833772e+01,1.023567e-02,1.649050e+02
3.890451e+03,1.210947e-01,-1.833750e+01,1.045996e-02,1.645446e+02
3.981072e+03,1.210976e-01,-1.833729e+01,1.066978e-02,1.641753e+02
4.073803e+03,1.211003e-01,-1.833710e+01,1.086202e-02,1.637967e+02
4.168694e+03,1.211027e-01,-1.833693e+01,1.103336e-02,1.634086e+02
4.265795e+03,1.211047e-01,-1.833678e+01,1.117974e-02,1.630107e+02
4.365158e+03,1.211063e-01,-1.833666e+01,1.129685e-02,1.626028e+02
4.466836e+03,1.211075e-01,-1.833658e+01,1.137988e-02,1.621845e+02
4.570882e+03,1.211081e-01,-1.833654e+01,1.142333e-02,1.617556e+02
4.677351e+03,1.211081e-01,-1.833654e+01,1.142115e-02,1.613157e+02
4.786301e+03,1.211073e-01,-1.833659e+01,1.136660e-02,1.608645e+02
4.897788e+03,1.211057e-01,-1.833671e+01,1.125219e-02,1.604018e+02
5.011872e+03,1.211032e-01,-1.833689e+01,1.106957e-02,1.599271e+02
5.128614e+03,1.210995e-01,-1.833715e+01,1.080946e-02,1.594402e+02
5.248075e+03,1.210947e-01,-1.833750e+01,1.046150e-02,1.589405e+02
5.370318e+03,1.210885e-01,-1.833795e+01,1.001441e-02,1.584279e+02
5.495409e+03,1.210807e-01,-1.833850e+01,9.455528e-03,1.579018e+02
5.623413e+03,1.210711e-01,-1.833919e+01,8.770850e-03,1.573619e+02
5.754399e+03,1.210596e-01,-1.834001e+01,7.944901e-03,1.568077e+02
5.888437e+03,1.210459e-01,-1.834100e+01,6.960556e-03,1.562388e+02
6.025596e+03,1.210297e-01,-1.834216e+01,5.798942e-03,1.556548e+02
6.165950e+03,1.210108e-01,-1.834352e+01,4.439138e-03,1.550551e+02
6.309573e+03,1.209887e-01,-1.834510e+01,2.858227e-03,1.544394e+02
6.456542e+03,1.209633e-01,-1.834693e+01,1.030780e-03,1.538070e+02
6.606934e+03,1.209340e-01,-1.834903e+01,-1.071299e-03,1.531575e+02
6.760830e+03,1.209005e-01,-1.835144e+01,-3.478650e-03,1.524904e+02
6.918310e+03,1.208623e-01,-1.835419e+01,-6.225249e-03,1.518050e+02
7.079458e+03,1.208188e-01,-1.835731e+01,-9.348518e-03,1.511008e+02
7.244360e+03,1.207696e-01,-1.836085e+01,-1.288925e-02,1.503773e+02
7.413102e+03,1.207139e-01,-1.836485e+01,-1.689268e-02,1.496337e+02
7.585776e+03,1.206512e-01,-1.836937e+01,-2.140814e-02,1.488695e+02
7.762471e+03,1.205806e-01,-1.837445e+01,-2.648983e-02,1.480841e+02
7.943282e+03,1.205014e-01,-1.838016e+01,-3.219726e-02,1.472766e+02
8.128305e+03,1.204127e-01,-1.838656e+01,-3.859542e-02,1.464466e+02
8.317638e+03,1.203135e-01,-1.839372e+01,-4.575554e-02,1.455932e+02
8.511380e+03,1.202027e-01,-1.840172e+01,-5.375542e-02,1.447158e+02
8.709636e+03,1.200793e-01,-1.841064e+01,-6.268002e-02,1.438136e+02
8.912509e+03,1.199419e-01,-1.842058e+01,-7.262205e-02,1.428859e+02
9.120108e+03,1.197893e-01,-1.843164e+01,-8.368248e-02,1.419318e+02
9.332543e+03,1.196199e-01,-1.844393e+01,-9.597121e-02,1.409508e+02
9.549926e+03,1.194323e-01,-1.845757e+01,-1.096077e-01,1.399419e+02
9.772372e+03,1.192246e-01,-1.847268e+01,-1.247215e-01,1.389044e+02
1.000000e+04,1.189952e-01,-1.848941e+01,-1.414531e-01,1.378376e+02
1.023293e+04,1.187420e-01,-1.850791e+01,-1.599545e-01,1.367406e+02
1.047129e+04,1.184629e-01,-1.852835e+01,-1.803895e-01,1.356128e+02
1.071519e+04,1.181559e-01,-1.855089e+01,-2.029351e-01,1.344534e+02
1.096478e+04,1.178184e-01,-1.857574e+01,-2.277812e-01,1.332617e+02
1.122018e+04,1.174479e-01,-1.860309e+01,-2.551317e-01,1.320370e+02
1.148154e+04,1.170420e-01,-1.863316e+01,-2.852047e-01,1.307786e+02
1.174898e+04,1.165978e-01,-1.866619e+01,-3.182330e-01,1.294861e+02
1.202264e+04,1.161125e-01,-1.870242e+01,-3.544641e-01,1.281589e+02
1.230269e+04,1.155830e-01,-1.874212e+01,-3.941605e-01,1.267966e+02
1.258925e+04,1.150064e-01,-1.878556e+01,-4.375993e-01,1.253987e+02
1.288250e+04,1.143796e-01,-1.883303e+01,-4.850721e-01,1.239652e+02
1.318257e+04,1.136993e-01,-1.888484e+01,-5.368845e-01,1.224957e+02
1.348963e+04,1.129625e-01,-1.894131e+01,-5.933548e-01,1.209904e+02
1.380384e+04,1.121660e-01,-1.900277e+01,-6.548134e-01,1.194493e+02
1.412538e+04,1.113069e-01,-1.906956e+01,-7.216006e-01,1.178728e+02
1.445440e+04,1.103821e-01,-1.914203e+01,-7.940655e-01,1.162613e+02
1.479108e+04,1.093891e-01,-1.922052e+01,-8.725631e-01,1.146156e+02
1.513561e+04,1.083252e-01,-1.930541e+01,-9.574518e-01,1.129363e+02
1.548817e+04,1.071883e-01,-1.939705e+01,-1.049091e+00,1.112247e+02
1.584893e+04,1.059767e-01,-1.949580e+01,-1.147835e+00,1.094819e+02
1.621810e+04,1.046888e-01,-1.960200e+01,-1.254036e+00,1.077096e+02
1.659587e+04,1.033238e-01,-1.971599e+01,-1.368030e+00,1.059093e+02
1.698244e+04,1.018814e-01,-1.983810e+01,-1.490142e+00,1.040832e+02
1.737801e+04,1.003617e-01,-1.996864e+01,-1.620676e+00,1.022333e+02
1.778279e+04,9.876573e-02,-2.010787e+01,-1.759914e+00,1.003621e+02
1.819701e+04,9.709492e-02,-2.025607e+01,-1.908110e+00,9.847206e+01
1.862087e+04,9.535155e-02,-2.041344e+01,-2.065485e+00,9.656604e+01
1.905461e+04,9.353857e-02,-2.058019e+01,-2.232226e+00,9.464693e+01
1.949845e+04,9.165960e-02,-2.075644e+01,-2.408481e+00,9.271778e+01
1.995262e+04,8.971893e-02,-2.094232e+01,-2.594359e+00,9.078172e+01
2.041738e+04,8.772147e-02,-2.113788e+01,-2.789922e+00,8.884197e+01
2.089296e+04,8.567269e-02,-2.134315e+01,-2.995193e+00,8.690178e+01
2.137962e+04,8.357853e-02,-2.155811e+01,-3.210146e+00,8.496438e+01
2.187762e+04,8.144535e-02,-2.178267e+01,-3.434715e+00,8.303300e+01
2.238721e+04,7.927982e-02,-2.201675e+01,-3.668788e+00,8.111076e+01
2.290868e+04,7.708881e-02,-2.226017e+01,-3.912214e+00,7.920069e+01
2.344229e+04,7.487931e-02,-2.251276e+01,-4.164804e+00,7.730571e+01
2.398833e+04,7.265832e-02,-2.277429e+01,-4.426333e+00,7.542855e+01
2.454709e+04,7.043277e-02,-2.304451e+01,-4.696545e+00,7.357178e+01
2.511886e+04,6.820938e-02,-2.332312e+01,-4.975158e+00,7.173776e+01
2.570396e+04,6.599465e-02,-2.360982e+01,-5.261865e+00,6.992865e+01
2.630268e+04,6.379475e-02,-2.390430e+01,-5.556341e+00,6.814638e+01
2.691535e+04,6.161546e-02,-2.420621e+01,-5.858247e+00,6.639266e+01
2.754229e+04,5.946212e-02,-2.451519e+01,-6.167232e+00,6.466897e+01
2.818383e+04,5.733964e-02,-2.483090e+01,-6.482941e+00,6.297656e+01
2.884031e+04,5.525242e-02,-2.515297e+01,-6.805015e+00,6.131648e+01
2.951209e+04,5.320436e-02,-2.548105e+01,-7.133095e+00,5.968957e+01
3.019952e+04,5.119890e-02,-2.581479e+01,-7.466828e+00,5.809644e+01
3.090295e+04,4.923895e-02,-2.615382e+01,-7.805864e+00,5.653755e+01
3.162278e+04,4.732698e-02,-2.649782e+01,-8.149865e+00,5.501316e+01
3.235937e+04,4.546498e-02,-2.684646e+01,-8.498501e+00,5.352341e+01
3.311311e+04,4.365452e-02,-2.719941e+01,-8.851455e+00,5.206825e+01
3.388442e+04,4.189680e-02,-2.755638e+01,-9.208423e+00,5.064752e+01
3.467368e+04,4.019262e-02,-2.791707e+01,-9.569115e+00,4.926097e+01
3.548134e+04,3.854245e-02,-2.828121e+01,-9.933254e+00,4.790821e+01
3.630781e+04,3.694648e-02,-2.864854e+01,-1.030058e+01,4.658879e+01
3.715352e+04,3.540460e-02,-2.901881e+01,-1.067085e+01,4.530217e+01
3.801894e+04,3.391649e-02,-2.939178e+01,-1.104382e+01,4.404775e+01
3.890451e+04,3.248161e-02,-2.976725e+01,-1.141929e+01,4.282488e+01
3.981072e+04,3.109923e-02,-3.014501e+01,-1.179705e+01,4.163288e+01
4.073803e+04,2.976848e-02,-3.052487e+01,-1.217691e+01,4.047101e+01
4.168694e+04,2.848835e-02,-3.090665e+01,-1.255869e+01,3.933852e+01
4.265795e+04,2.725775e-02,-3.129020e+01,-1.294224e+01,3.823464e+01
4.365158e+04,2.607546e-02,-3.167536e+01,-1.332740e+01,3.715859e+01
4.466836e+04,2.494022e-02,-3.206200e+01,-1.371404e+01,3.610958e+01
4.570882e+04,2.385071e-02,-3.244998e+01,-1.410202e+01,3.508680e+01
4.677351e+04,2.280557e-02,-3.283918e+01,-1.449122e+01,3.408947e+01
4.786301e+04,2.180343e-02,-3.322950e+01,-1.488154e+01,3.311680e+01
4.897788e+04,2.084288e-02,-3.362084e+01,-1.527288e+01,3.216801e+01
5.011872e+04,1.992253e-02,-3.401311e+01,-1.566515e+01,3.124234e+01
5.128614e+04,1.904097e-02,-3.440622e+01,-1.605826e+01,3.033901e+01
5.248075e+04,1.819681e-02,-3.480009e+01,-1.645213e+01,2.945730e+01
5.370318e+04,1.738869e-02,-3.519466e+01,-1.684670e+01,2.859647e+01
5.495409e+04,1.661525e-02,-3.558986e+01,-1.724190e+01,2.775581e+01
5.623413e+04,1.587516e-02,-3.598564e+01,-1.763768e+01,2.693462e+01
5.754399e+04,1.516714e-02,-3.638193e+01,-1.803397e+01,2.613222e+01
5.888437e+04,1.448990e-02,-3.677869e+01,-1.843073e+01,2.534796e+01
6.025596e+04,1.384223e-02,-3.717588e+01,-1.882792e+01,2.458119e+01
6.165950e+04,1.322292e-02,-3.757345e+01,-1.922549e+01,2.383128e+01
6.309573e+04,1.263080e-02,-3.797138e+01,-1.962342e+01,2.309764e+01
6.456542e+04,1.206477e-02,-3.836962e+01,-2.002166e+01,2.237965e+01
6.606934e+04,1.152371e-02,-3.876815e+01,-2.042019e+01,2.167677e+01
6.760830e+04,1.100660e-02,-3.916694e+01,-2.081898e+01,2.098842e+01
6.918310e+04,1.051240e-02,-3.956596e+01,-2.121801e+01,2.031407e+01
7.079458e+04,1.004014e-02,-3.996520e+01,-2.161724e+01,1.965319e+01
7.244360e+04,9.588889e-03,-4.036463e+01,-2.201667e+01,1.900528e+01
7.413102e+04,9.157731e-03,-4.076424e+01,-2.241628e+01,1.836984e+01
7.585776e+04,8.745800e-03,-4.116401e+01,-2.281605e+01,1.774639e+01
7.762471e+04,8.352259e-03,-4.156392e+01,-2.321596e+01,1.713447e+01
7.943282e+04,7.976305e-03,-4.196397e+01,-2.361601e+01,1.653362e+01
8.128305e+04,7.617167e-03,-4.236413e+01,-2.401617e+01,1.594341e+01
8.317638e+04,7.274107e-03,-4.276441e+01,-2.441645e+01,1.536341e+01
8.511380e+04,6.946417e-03,-4.316478e+01,-2.481682e+01,1.479321e+01
8.709636e+04,6.633417e-03,-4.356525e+01,-2.521729e+01,1.423240e+01
8.912509e+04,6.334458e-03,-4.396581e+01,-2.561785e+01,1.368058e+01
9.120108e+04,6.048917e-03,-4.436645e+01,-2.601849e+01,1.313739e+01
9.332543e+04,5.776198e-03,-4.476716e+01,-2.641920e+01,1.260245e+01
9.549926e+04,5.515729e-03,-4.516794e+01,-2.681998e+01,1.207539e+01
9.772372e+04,5.266966e-03,-4.556879e+01,-2.722083e+01,1.155586e+01
1.000000e+05,5.029386e-03,-4.596970e+01,-2.762174e+01,1.104351e+01
1.023293e+05,4.802489e-03,-4.637067e+01,-2.802271e+01,1.053802e+01
1.047129e+05,4.585798e-03,-4.677170e+01,-2.842374e+01,1.003904e+01
1.071519e+05,4.378855e-03,-4.717279e+01,-2.882483e+01,9.546263e+00
1.096478e+05,4.181225e-03,-4.757393e+01,-2.922597e+01,9.059370e+00
1.122018e+05,3.992489e-03,-4.797512e+01,-2.962717e+01,8.578052e+00
1.148154e+05,3.812249e-03,-4.837637e+01,-3.002841e+01,8.102008e+00
1.174898e+05,3.640123e-03,-4.877768e+01,-3.042972e+01,7.630942e+00
1.202264e+05,3.475747e-03,-4.917904e+01,-3.083108e+01,7.164564e+00
1.230269e+05,3.318773e-03,-4.958045e+01,-3.123249e+01,6.702587e+00
1.258925e+05,3.168868e-03,-4.998192e+01,-3.163396e+01,6.244734e+00
1.288250e+05,3.025714e-03,-5.038344e+01,-3.203548e+01,5.790727e+00
1.318257e+05,2.889007e-03,-5.078503e+01,-3.243707e+01,5.340296e+00
1.348963e+05,2.758458e-03,-5.118667e+01,-3.283871e+01,4.893174e+00
1.380384e+05,2.633790e-03,-5.158838e+01,-3.324042e+01,4.449098e+00
1.412538e+05,2.514737e-03,-5.199015e+01,-3.364219e+01,4.007809e+00
1.445440e+05,2.401046e-03,-5.239199e+01,-3.404403e+01,3.569050e+00
1.479108e+05,2.292478e-03,-5.279390e+01,-3.444594e+01,3.132569e+00
1.513561e+05,2.188800e-03,-5.319588e+01,-3.484792e+01,2.698117e+00
1.548817e+05,2.089792e-03,-5.359794e+01,-3.524998e+01,2.265445e+00
1.584893e+05,1.995245e-03,-5.400008e+01,-3.565212e+01,1.834310e+00
1.621810e+05,1.904957e-03,-5.440230e+01,-3.605434e+01,1.404469e+00
1.659587e+05,1.818736e-03,-5.480461e+01,-3.645665e+01,9.756827e-01
1.698244e+05,1.736400e-03,-5.520701e+01,-3.685905e+01,5.477120e-01
1.737801e+05,1.657772e-03,-5.560950e+01,-3.726154e+01,1.203211e-01
1.778279e+05,1.582687e-03,-5.601210e+01,-3.766414e+01,-3.067246e-01
1.819701e+05,1.510984e-03,-5.641480e+01,-3.806684e+01,-7.336584e-01
1.862087e+05,1.442511e-03,-5.681762e+01,-3.846966e+01,-1.160712e+00
1.905461e+05,1.377123e-03,-5.722055e+01,-3.887259e+01,-1.588116e+00
1.949845e+05,1.314680e-03,-5.762360e+01,-3.927564e+01,-2.016101e+00
1.995262e+05,1.255050e-03,-5.802678e+01,-3.967882e+01,-2.444894e+00
2.041738e+05,1.198106e-03,-5.843009e+01,-4.008213e+01,-2.874724e+00
2.089296e+05,1.143728e-03,-5.883355e+01,-4.048559e+01,-3.305818e+00
2.137962e+05,1.091799e-03,-5.923715e+01,-4.088919e+01,-3.738403e+00
2.187762e+05,1.042209e-03,-5.964090e+01,-4.129294e+01,-4.172706e+00
2.238721e+05,9.948529e-04,-6.004482e+01,-4.169686e+01,-4.608952e+00
2.290868e+05,9.496301e-04,-6.044891e+01,-4.210095e+01,-5.047367e+00
2.344229e+05,9.064444e-04,-6.085318e+01,-4.250522e+01,-5.488178e+00
2.398833e+05,8.652041e-04,-6.125763e+01,-4.290967e+01,-5.931609e+00
2.454709e+05,8.258215e-04,-6.166228e+01,-4.331432e+01,-6.377886e+00
2.511886e+05,7.882129e-04,-6.206713e+01,-4.371917e+01,-6.827237e+00
2.570396e+05,7.522985e-04,-6.247220e+01,-4.412424e+01,-7.279886e+00
2.630268e+05,7.180020e-04,-6.287749e+01,-4.452953e+01,-7.736060e+00
2.691535e+05,6.852506e-04,-6.328301e+01,-4.493505e+01,-8.195986e+00
2.754229e+05,6.539746e-04,-6.368878e+01,-4.534082e+01,-8.659892e+00
2.818383e+05,6.241075e-04,-6.409481e+01,-4.574685e+01,-9.128005e+00
2.884032e+05,5.955861e-04,-6.450111e+01,-4.615315e+01,-9.600553e+00
2.951209e+05,5.683497e-04,-6.490769e+01,-4.655973e+01,-1.007777e+01
3.019952e+05,5.423405e-04,-6.531456e+01,-4.696660e+01,-1.055987e+01
3.090295e+05,5.175031e-04,-6.572174e+01,-4.737378e+01,-1.104710e+01
3.162278e+05,4.937850e-04,-6.612924e+01,-4.778128e+01,-1.153969e+01
3.235937e+05,4.711356e-04,-6.653708e+01,-4.818912e+01,-1.203785e+01
3.311311e+05,4.495070e-04,-6.694527e+01,-4.859731e+01,-1.254184e+01
3.388442e+05,4.288531e-04,-6.735383e+01,-4.900587e+01,-1.305188e+01
3.467368e+05,4.091302e-04,-6.776277e+01,-4.941481e+01,-1.356820e+01
3.548134e+05,3.902963e-04,-6.817211e+01,-4.982415e+01,-1.409104e+01
3.630781e+05,3.723115e-04,-6.858187e+01,-5.023391e+01,-1.462063e+01
3.715352e+05,3.551376e-04,-6.899207e+01,-5.064411e+01,-1.515721e+01
3.801894e+05,3.387380e-04,-6.940272e+01,-5.105476e+01,-1.570101e+01
3.890451e+05,3.230781e-04,-6.981385e+01,-5.146589e+01,-1.625226e+01
3.981072e+05,3.081245e-04,-7.022548e+01,-5.187752e+01,-1.681122e+01
4.073803e+05,2.938454e-04,-7.063762e+01,-5.228966e+01,-1.737810e+01
4.168694e+05,2.802106e-04,-7.105031e+01,-5.270235e+01,-1.795315e+01
4.265795e+05,2.671912e-04,-7.146356e+01,-5.311560e+01,-1.853661e+01
4.365158e+05,2.547594e-04,-7.187740e+01,-5.352944e+01,-1.912870e+01
4.466836e+05,2.428889e-04,-7.229185e+01,-5.394389e+01,-1.972968e+01
4.570882e+05,2.315545e-04,-7.270694e+01,-5.435898e+01,-2.033977e+01
4.677351e+05,2.207320e-04,-7.312269e+01,-5.477473e+01,-2.095921e+01
4.786301e+05,2.103986e-04,-7.353914e+01,-5.519118e+01,-2.158824e+01
4.897788e+05,2.005322e-04,-7.395632e+01,-5.560836e+01,-2.222709e+01
5.011872e+05,1.911120e-04,-7.437424e+01,-5.602628e+01,-2.287600e+01
5.128614e+05,1.821179e-04,-7.479295e+01,-5.644499e+01,-2.353519e+01
5.248075e+05,1.735308e-04,-7.521247e+01,-5.686451e+01,-2.420490e+01
5.370318e+05,1.653324e-04,-7.563284e+01,-5.728488e+01,-2.488536e+01
5.495409e+05,1.575054e-04,-7.605409e+01,-5.770613e+01,-2.557679e+01
5.623413e+05,1.500330e-04,-7.647626e+01,-5.812830e+01,-2.627943e+01
5.754399e+05,1.428995e-04,-7.689938e+01,-5.855142e+01,-2.699349e+01
5.888437e+05,1.360897e-04,-7.732350e+01,-5.897554e+01,-2.771920e+01
6.025596e+05,1.295890e-04,-7.774864e+01,-5.940068e+01,-2.845676e+01
6.165950e+05,1.233837e-04,-7.817485e+01,-5.982689e+01,-2.920641e+01
6.309573e+05,1.174605e-04,-7.860216e+01,-6.025420e+01,-2.996834e+01
6.456542e+05,1.118069e-04,-7.903063e+01,-6.068267e+01,-3.074277e+01
6.606934e+05,1.064107e-04,-7.946029e+01,-6.111233e+01,-3.152989e+01
6.760830e+05,1.012606e-04,-7.989119e+01,-6.154323e+01,-3.232991e+01
6.918310e+05,9.634548e-05,-8.032337e+01,-6.197541e+01,-3.314302e+01
7.079458e+05,9.165493e-05,-8.075688e+01,-6.240892e+01,-3.396940e+01
7.244360e+05,8.717892e-05,-8.119177e+01,-6.284381e+01,-3.480923e+01
7.413102e+05,8.290791e-05,-8.162808e+01,-6.328012e+01,-3.566270e+01
7.585776e+05,7.883275e-05,-8.206587e+01,-6.371791e+01,-3.652997e+01
7.762471e+05,7.494474e-05,-8.250518e+01,-6.415722e+01,-3.741119e+01
7.943282e+05,7.123557e-05,-8.294606e+01,-6.459810e+01,-3.830654e+01
8.128305e+05,6.769727e-05,-8.338858e+01,-6.504062e+01,-3.921615e+01
8.317638e+05,6.432227e-05,-8.383277e+01,-6.548481e+01,-4.014015e+01
8.511380e+05,6.110331e-05,-8.427870e+01,-6.593075e+01,-4.107870e+01
8.709636e+05,5.803348e-05,-8.472643e+01,-6.637847e+01,-4.203189e+01
8.912509e+05,5.510615e-05,-8.517600e+01,-6.682804e+01,-4.299985e+01
9.120108e+05,5.231502e-05,-8.562747e+01,-6.727951e+01,-4.398268e+01
9.332543e+05,4.965405e-05,-8.608091e+01,-6.773295e+01,-4.498047e+01
9.549926e+05,4.711747e-05,-8.653636e+01,-6.818840e+01,-4.599331e+01
9.772372e+05,4.469979e-05,-8.699389e+01,-6.864593e+01,-4.702126e+01
1.000000e+06,4.239574e-05,-8.745356e+01,-6.910560e+01,-4.806439e+01
